index, id hex, id dec, name, param, warn
    0, 0x0800,  2048, (none), 2, 
    1, 0x0801,  2049, (none), 2, 
    2, 0x0802,  2050, (none), 2, 
    3, 0x0803,  2051, (none), 2, 
    4, 0x081b,  2075, (none), 2, 
    5, 0x081c,  2076, PressRightButton, 0, 
    6, 0x081d,  2077, UnpressRightButton, 1, 
    7, 0x081e,  2078, HoldRightButton, 3, 
    8, 0x081f,  2079, UnholdRightButton, 3, 
    9, 0x0820,  2080, PressLeftButton, 0, 
   10, 0x0821,  2081, UnpressLeftButton, 1, 
   11, 0x0822,  2082, HoldLeftButton, 3, 
   12, 0x0823,  2083, UnholdLeftButton, 3, 
   13, 0x0824,  2084, PressUpButton, 0, 
   14, 0x0825,  2085, UnpressUpButton, 1, 
   15, 0x0826,  2086, PressDownButton, 0, 
   16, 0x0827,  2087, UnpressDownButton, 1, 
   17, 0x0828,  2088, HoldDownButton, 3, 
   18, 0x0829,  2089, UnholdDownButton, 3, 
   19, 0x082a,  2090, PressMenuButton, 0, 
   20, 0x082b,  2091, UnpressMenuButton, 1, 
   21, 0x082c,  2092, HoldMenuButton, 3, 
   22, 0x082d,  2093, UnholdMenuButton, 3, 
   23, 0x082e,  2094, PressFuncButton, 0, 
   24, 0x082f,  2095, UnpressFuncButton, 1, 
   25, 0x0830,  2096, PressExpButton, 0, 
   26, 0x0831,  2097, UnpressExpButton, 1, 
   27, 0x0832,  2098, PressWBButton, 0, 
   28, 0x0833,  2099, UnpressWBButton, 1, 
   29, 0x0834,  2100, PressAEFELockButton, 0, 
   30, 0x0835,  2101, UnpressAEFELockButton, 1, 
   31, 0x0836,  2102, PressMacroButton, 0, 
   32, 0x0837,  2103, UnpressMacroButton, 1, 
   33, 0x0838,  2104, HoldMacroButton, 3, 
   34, 0x0839,  2105, UnholdMacroButton, 3, 
   35, 0x083a,  2106, PressJumpButton, 0, 
   36, 0x083b,  2107, UnpressJumpButton, 1, 
   37, 0x083c,  2108, PressMultiButton, 0, 
   38, 0x083d,  2109, UnpressMultiButton, 1, 
   39, 0x083e,  2110, PressFlashButton, 0, 
   40, 0x083f,  2111, UnpressFlashButton, 1, 
   41, 0x0840,  2112, HoldFlashButton, 3, 
   42, 0x0841,  2113, UnholdFlashButton, 3, 
   43, 0x0842,  2114, PressDispButton, 0, 
   44, 0x0843,  2115, UnpressDispButton, 1, 
   45, 0x0844,  2116, HoldDispButton, 3, 
   46, 0x0845,  2117, UnholdDispButton, 3, 
   47, 0x0846,  2118, RotateElectronicMainDialRight, 2, 
   48, 0x0847,  2119, RotateElectronicMainDialLeft, 2, 
   49, 0x0848,  2120, PressPonButton, 0, 
   50, 0x0849,  2121, UnpressPonButton, 1, 
   51, 0x084a,  2122, PressSpotButton, 0, 
   52, 0x084b,  2123, UnpressSpotButton, 1, 
   53, 0x084c,  2124, PressEraseButton, 0, 
   54, 0x084d,  2125, UnpressEraseButton, 1, 
   55, 0x084e,  2126, PressSoundButton, 0, 
   56, 0x084f,  2127, UnpressSoundButton, 1, 
   57, 0x0850,  2128, HoldSoundButton, 3, 
   58, 0x0851,  2129, UnholdSoundButton, 3, 
   59, 0x0852,  2130, PressMFButton, 0, 
   60, 0x0853,  2131, UnpressMFButton, 1, 
   61, 0x0854,  2132, PressDriveButton, 0, 
   62, 0x0855,  2133, UnpressDriveButton, 1, 
   63, 0x0856,  2134, HoldDriveButton, 3, 
   64, 0x0857,  2135, UnholdDriveButton, 3, 
   65, 0x0858,  2136, PressTeleButton, 0, 
   66, 0x0859,  2137, UnpressTeleButton, 1, 
   67, 0x085a,  2138, PressMagButton, 0, 
   68, 0x085b,  2139, UnpressMagButton, 1, 
   69, 0x085c,  2140, PressWideButton, 0, 
   70, 0x085d,  2141, UnpressWideButton, 1, 
   71, 0x085e,  2142, PressReductionButton, 0, 
   72, 0x085f,  2143, UnpressReductionButton, 1, 
   73, 0x0860,  2144, PressSetButton, 0, 
   74, 0x0861,  2145, UnpressSetButton, 1, 
   75, 0x0862,  2146, HoldSetButton, 3, 
   76, 0x0863,  2147, UnholdSetButton, 3, 
   77, 0x0864,  2148, PressAFFrameButton, 0, 
   78, 0x0865,  2149, UnpressAFFrameButton, 1, 
   79, 0x0866,  2150, HoldAFFrameButton, 3, 
   80, 0x0867,  2151, UnholdAFFrameButton, 3, 
   81, 0x0868,  2152, PressISButton, 0, 
   82, 0x0869,  2153, UnpressISButton, 1, 
   83, 0x086a,  2154, HoldISButton, 3, 
   84, 0x086b,  2155, UnholdISButton, 3, 
   85, 0x086c,  2156, PressShortcutButton, 0, 
   86, 0x086d,  2157, UnpressShortcutButton, 1, 
   87, 0x086e,  2158, PressPrintShareButton, 0, 
   88, 0x086f,  2159, UnpressPrintShareButton, 1, 
   89, 0x0870,  2160, HoldPrintShareButton, 3, 
   90, 0x0871,  2161, UnholdPrintShareButton, 3, 
   91, 0x0872,  2162, PressAvExpButton, 0, 
   92, 0x0873,  2163, UnpressAvExpButton, 1, 
   93, 0x0874,  2164, HoldAvExpButton, 3, 
   94, 0x0875,  2165, UnholdAvExpButton, 3, 
   95, 0x0876,  2166, RotateJogDialRight, 2, 
   96, 0x0877,  2167, RotateJogDialLeft, 2, 
   97, 0x0878,  2168, PressISOButton, 0, 
   98, 0x0879,  2169, UnpressISOButton, 1, 
   99, 0x087a,  2170, PressDpButton, 0, 
  100, 0x087b,  2171, UnpressDpButton, 1, 
  101, 0x087c,  2172, PressFeatherRightButton, 2, 
  102, 0x087d,  2173, UnpressFeatherRightButton, 2, 
  103, 0x087e,  2174, PressFeatherLeftButton, 2, 
  104, 0x087f,  2175, UnpressFeatherLeftButton, 2, 
  105, 0x0880,  2176, PressFeatherUpButton, 2, 
  106, 0x0881,  2177, UnpressFeatherUpButton, 2, 
  107, 0x0882,  2178, PressFeatherDownButton, 2, 
  108, 0x0883,  2179, UnpressFeatherDownButton, 2, 
  109, 0x0884,  2180, TransitFeatherRight, 2, 
  110, 0x0885,  2181, TransitFeatherLeft, 2, 
  111, 0x0886,  2182, TransitFeatherUp, 2, 
  112, 0x0887,  2183, TransitFeatherDown, 2, 
  113, 0x0888,  2184, PressEnjoyButton, 0, 
  114, 0x0889,  2185, UnpressEnjoyButton, 1, 
  115, 0x088a,  2186, PressEditButton, 0, 
  116, 0x088b,  2187, UnpressEditButton, 1, 
  117, 0x088c,  2188, PressFaceButton, 0, 
  118, 0x088d,  2189, UnpressFaceButton, 1, 
  119, 0x088e,  2190, HoldFaceButton, 3, 
  120, 0x088f,  2191, UnholdFaceButton, 3, 
  121, 0x0890,  2192, PressAspectButton, 0, 
  122, 0x0891,  2193, UnpressAspectButton, 1, 
  123, 0x0892,  2194, PressSelfButton, 0, 
  124, 0x0893,  2195, UnpressSelfButton, 1, 
  125, 0x0894,  2196, (none), 2, 
  126, 0x0895,  2197, TouchUpButton, 2, 
  127, 0x0896,  2198, UntouchUpButton, 2, 
  128, 0x0897,  2199, TouchDownButton, 2, 
  129, 0x0898,  2200, UntouchDownButton, 2, 
  130, 0x0899,  2201, TouchLeftButton, 2, 
  131, 0x089a,  2202, UntouchLeftButton, 2, 
  132, 0x089b,  2203, TouchRightButton, 2, 
  133, 0x089c,  2204, UntouchRightButton, 2, 
  134, 0x089d,  2205, (none), 2, 
  135, 0x089e,  2206, PressMoviePlayButton, 0, 
  136, 0x089f,  2207, UnpressMoviePlayButton, 1, 
  137, 0x08a0,  2208, PressLButton, 0, 
  138, 0x08a1,  2209, UnpressLButton, 1, 
  139, 0x08a2,  2210, PressRingFuncButton, 0, 
  140, 0x08a3,  2211, UnpressRingFuncButton, 1, 
  141, 0x08a4,  2212, RotateRingFuncRight, 2, 
  142, 0x08a5,  2213, RotateRingFuncLeft, 2, 
  143, 0x08a6,  2214, (none), 2, 
  144, 0x0900,  2304, (none), 2, 
  145, 0x0901,  2305, PressRemoteMultiButton, 0, 
  146, 0x0902,  2306, UnpressRemoteMultiButton, 1, 
  147, 0x0903,  2307, PressRemoteMagnifyButton, 0, 
  148, 0x0904,  2308, UnpressRemoteMagnifyButton, 1, 
  149, 0x0905,  2309, PressRemoteDispButton, 0, 
  150, 0x0906,  2310, UnpressRemoteDispButton, 1, 
  151, 0x0907,  2311, PressRemoteReleaseButton, 0, 
  152, 0x0908,  2312, UnpressRemoteReleaseButton, 1, 
  153, 0x0909,  2313, PressRemoteSetButton, 0, 
  154, 0x090a,  2314, UnpressRemoteSetButton, 1, 
  155, 0x090b,  2315, PressRemoteUpButton, 0, 
  156, 0x090c,  2316, UnpressRemoteUpButton, 1, 
  157, 0x090d,  2317, PressRemoteDownButton, 0, 
  158, 0x090e,  2318, UnpressRemoteDownButton, 1, 
  159, 0x090f,  2319, PressRemoteRightButton, 0, 
  160, 0x0910,  2320, UnpressRemoteRightButton, 1, 
  161, 0x0911,  2321, PressRemoteLeftButton, 0, 
  162, 0x0912,  2322, UnpressRemoteLeftButton, 1, 
  163, 0x0913,  2323, PressRemoteMenuButton, 0, 
  164, 0x0914,  2324, UnpressRemoteMenuButton, 1, 
  165, 0x0915,  2325, PressRemoteDpButton, 0, 
  166, 0x0916,  2326, UnpressRemoteDpButton, 1, 
  167, 0x0917,  2327, (none), 2, 
  168, 0x0940,  2368, (none), 2, 
  169, 0x0941,  2369, PressSetAndMenu, 3, 
  170, 0x0942,  2370, PressSetAndUp, 3, 
  171, 0x0943,  2371, PressSetAndDown, 3, 
  172, 0x0944,  2372, PressSetAndLeft, 3, 
  173, 0x0945,  2373, PressSetAndRight, 3, 
  174, 0x0946,  2374, PressSetAndJump, 3, 
  175, 0x0947,  2375, PressSetAndDisp, 3, 
  176, 0x0948,  2376, PressSetAndTele, 3, 
  177, 0x0949,  2377, PressSetAndWide, 3, 
  178, 0x094a,  2378, PressSetAndPs, 3, 
  179, 0x094b,  2379, PressMFAndUp, 3, 
  180, 0x094c,  2380, PressMFAndDown, 3, 
  181, 0x094d,  2381, PressSw1AndAE, 3, 
  182, 0x094e,  2382, PressSw1AndAELock, 3, 
  183, 0x094f,  2383, PressSw1AndMF, 3, 
  184, 0x0950,  2384, PressSw2AndSet, 3, 
  185, 0x0951,  2385, PressSw2AndErase, 3, 
  186, 0x0952,  2386, PressSw2AndDisp, 3, 
  187, 0x0953,  2387, PressSw2AndFunc, 3, 
  188, 0x0954,  2388, PressSw2AndSound, 3, 
  189, 0x0955,  2389, PressSw2AndTele, 3, 
  190, 0x0956,  2390, PressSw2AndWide, 3, 
  191, 0x0957,  2391, PressSw1AndShortcut, 3, 
  192, 0x0958,  2392, PressDispAndRightButton, 3, 
  193, 0x0959,  2393, PressSw1AndAF, 3, 
  194, 0x095a,  2394, PressSw1AndRight, 3, 
  195, 0x095b,  2395, PressSw1AndDown, 3, 
  196, 0x095c,  2396, PressPsAndRight, 3, 
  197, 0x095d,  2397, PressPsAndLeft, 3, 
  198, 0x095e,  2398, PressMenuAndSetAndPs, 3, 
  199, 0x095f,  2399, PressUpExpButton, 0, 
  200, 0x0960,  2400, UnpressUpExpButton, 1, 
  201, 0x0961,  2401, PressDownWBButton, 0, 
  202, 0x0962,  2402, UnpressDownWBButton, 1, 
  203, 0x0963,  2403, PressAEFELockEraseButton, 0, 
  204, 0x0964,  2404, UnpressAEFELockEraseButton, 1, 
  205, 0x0965,  2405, PressMacroJumpButton, 0, 
  206, 0x0966,  2406, UnpressMacroJumpButton, 1, 
  207, 0x0967,  2407, PressFlashMultiButton, 0, 
  208, 0x0968,  2408, UnpressFlashMultiButton, 1, 
  209, 0x0969,  2409, PressMFSoundButton, 0, 
  210, 0x096a,  2410, UnpressMFSoundButton, 1, 
  211, 0x096b,  2411, PressTeleMagButton, 0, 
  212, 0x096c,  2412, UnpressTeleMagButton, 1, 
  213, 0x096d,  2413, PressWideReductionButton, 0, 
  214, 0x096e,  2414, UnpressWideReductionButton, 1, 
  215, 0x096f,  2415, PressSetAFFrameButton, 0, 
  216, 0x0970,  2416, UnpressSetAFFrameButton, 1, 
  217, 0x0971,  2417, HoldSetAFFrameButton, 3, 
  218, 0x0972,  2418, RepeatUpButton, 2, 
  219, 0x0973,  2419, RepeatDownButton, 2, 
  220, 0x0974,  2420, RepeatRightButton, 2, 
  221, 0x0975,  2421, RepeatLeftButton, 2, 
  222, 0x0976,  2422, PressSw2AndMenu, 3, 
  223, 0x0977,  2423, PressDispAndLeft, 3, 
  224, 0x0978,  2424, PressMenuAndSetAndEdit, 3, 
  225, 0x0979,  2425, PressDispAndSetAndPs, 3, 
  226, 0x097a,  2426, PressRightAndSetAndPs, 3, 
  227, 0x097b,  2427, PressSw2AndPs, 3, 
  228, 0x097c,  2428, PressMenuAndSetAndUp, 3, 
  229, 0x097d,  2429, PressRightAndSetAndMenu, 3, 
  230, 0x097e,  2430, PressSetAndTeleAndMenu, 3, 
  231, 0x097f,  2431, (none), 2, 
  232, 0x09a0,  2464, (none), 2, 
  233, 0x09a1,  2465, PressSwOne, 0, 
  234, 0x09a2,  2466, UnpressSwOne, 1, 
  235, 0x09a3,  2467, PressSwTwo, 0, 
  236, 0x09a4,  2468, UnpressSwTwo, 1, 
  237, 0x09a5,  2469, PressMovieButton, 0, 
  238, 0x09a6,  2470, UnpressMovieButton, 1, 
  239, 0x09a7,  2471, PressModeButton, 0, 
  240, 0x09a8,  2472, UnpressModeButton, 1, 
  241, 0x09a9,  2473, (none), 2, 
  242, 0x1000,  4096, (none), 2, 
  243, 0x1001,  4097, PressRecButton, 0, 
  244, 0x1002,  4098, UnpressRecButton, 1, 
  245, 0x1003,  4099, PressPBButton, 0, 
  246, 0x1004,  4100, UnpressPBButton, 1, 
  247, 0x1005,  4101, PressOffButton, 0, 
  248, 0x1006,  4102, UnpressOffButton, 1, 
  249, 0x1007,  4103, ChangeMainDial, 2, 
  250, 0x1008,  4104, PressPowerButton, 0, 
  251, 0x1009,  4105, UnpressPowerButton, 1, 
  252, 0x100a,  4106, ModeLeverPlay, 2, 
  253, 0x100b,  4107, ModeLeverMovieRec, 2, 
  254, 0x100c,  4108, ModeLeverStillRec, 2, 
  255, 0x100d,  4109, (none), 2, 
  256, 0x1050,  4176, (none), 2, 
  257, 0x1051,  4177, (none), 2, 
  258, 0x1052,  4178, ModeDialToM, 2, 
  259, 0x1053,  4179, ModeDialToAv, 2, 
  260, 0x1054,  4180, ModeDialToTv, 2, 
  261, 0x1055,  4181, ModeDialToP, 2, 
  262, 0x1056,  4182, ModeDialToAuto, 2, 
  263, 0x1057,  4183, ModeDialToPortrait, 2, 
  264, 0x1058,  4184, ModeDialToLandscape, 2, 
  265, 0x1059,  4185, ModeDialToNightScene, 2, 
  266, 0x105a,  4186, ModeDialToStitchAssist, 2, 
  267, 0x105b,  4187, ModeDialToMovie, 2, 
  268, 0x105c,  4188, ModeDialToC1, 2, 
  269, 0x105d,  4189, ModeDialToC2, 2, 
  270, 0x105e,  4190, ModeDialToC, 2, 
  271, 0x105f,  4191, ModeDialToFastShutter, 2, 
  272, 0x1060,  4192, ModeDialToSlowShutter, 2, 
  273, 0x1061,  4193, ModeDialToPlay, 2, 
  274, 0x1062,  4194, ModeDialToCamera, 2, 
  275, 0x1063,  4195, ModeDialToSCN, 2, 
  276, 0x1064,  4196, ModeDialToFunColor, 2, 
  277, 0x1065,  4197, ModeDialToRec, 2, 
  278, 0x1066,  4198, (none), 2, 
  279, 0x1067,  4199, (none), 2, 
  280, 0x1068,  4200, ModeDialToSport, 2, 
  281, 0x1069,  4201, IsoDialToAuto, 2, 
  282, 0x106a,  4202, IsoDialToHighAuto, 2, 
  283, 0x106b,  4203, IsoDialToMinSpd, 2, 
  284, 0x106c,  4204, IsoDialTo100, 2, 
  285, 0x106d,  4205, IsoDialTo200, 2, 
  286, 0x106e,  4206, IsoDialTo400, 2, 
  287, 0x106f,  4207, IsoDialTo800, 2, 
  288, 0x1070,  4208, IsoDialTo1600, 2, 
  289, 0x1071,  4209, IsoDialToMaxSpd, 2, 
  290, 0x1072,  4210, RotateIsoDialRight, 2, 
  291, 0x1073,  4211, RotateIsoDialLeft, 2, 
  292, 0x1074,  4212, ModeDialToNightSnap, 2, 
  293, 0x1075,  4213, ModeDialToParty, 2, 
  294, 0x1076,  4214, ModeDialToKidsAndPets, 2, 
  295, 0x1077,  4215, ModeDialToEasy, 2, 
  296, 0x1078,  4216, RotateExpDialRight, 2, 
  297, 0x1079,  4217, RotateExpDialLeft, 2, 
  298, 0x107a,  4218, ExpDialToP2, 2, 
  299, 0x107b,  4219, ExpDialToP1TwoThird, 2, 
  300, 0x107c,  4220, ExpDialToP1OneThird, 2, 
  301, 0x107d,  4221, ExpDialToP1, 2, 
  302, 0x107e,  4222, ExpDialToP0TwoThird, 2, 
  303, 0x107f,  4223, ExpDialToP0OneThird, 2, 
  304, 0x1080,  4224, ExpDialToZero, 2, 
  305, 0x1081,  4225, ExpDialToM0OneThird, 2, 
  306, 0x1082,  4226, ExpDialToM0TwoThird, 2, 
  307, 0x1083,  4227, ExpDialToM1, 2, 
  308, 0x1084,  4228, ExpDialToM1OneThird, 2, 
  309, 0x1085,  4229, ExpDialToM1TwoThird, 2, 
  310, 0x1086,  4230, ExpDialToM2, 2, 
  311, 0x1087,  4231, ModeDialToQuick, 2, 
  312, 0x1088,  4232, ModeDialToCreative, 2, 
  313, 0x1089,  4233, ModeDialToLowLight, 2, 
  314, 0x108a,  4234, (none), 2, 
  315, 0x10a0,  4256, (none), 2, 
  316, 0x10a1,  4257, ConnectVideoCable, 2, 
  317, 0x10a2,  4258, DisconnectVideoCable, 2, 
  318, 0x10a3,  4259, ConnectACCable, 2, 
  319, 0x10a4,  4260, DisconnectACCable, 2, 
  320, 0x10a5,  4261, ConnectUSBCable, 2, 
  321, 0x10a6,  4262, DisconnectUSBCable, 2, 
  322, 0x10a7,  4263, MountExtFlash, 2, 
  323, 0x10a8,  4264, UnmountExtFlash, 2, 
  324, 0x10a9,  4265, OpenBatteryCover, 2, 
  325, 0x10aa,  4266, CloseBatteryCover, 2, 
  326, 0x10ab,  4267, InsertBattery, 2, 
  327, 0x10ac,  4268, RemoveBattery, 2, 
  328, 0x10ad,  4269, OpenMediaCover, 2, 
  329, 0x10ae,  4270, CloseMediaCover, 2, 
  330, 0x10af,  4271, OpenBatMediaCover, 2, 
  331, 0x10b0,  4272, CloseBatMediaCover, 2, 
  332, 0x10b1,  4273, InsertMedia, 2, 
  333, 0x10b2,  4274, RemoveMedia, 2, 
  334, 0x10b3,  4275, WriteProtectMedia, 2, 
  335, 0x10b4,  4276, WriteEnableMedia, 2, 
  336, 0x10b5,  4277, AttachCradle, 2, 
  337, 0x10b6,  4278, DetachCradle, 2, 
  338, 0x10b7,  4279, OpenLensCover, 2, 
  339, 0x10b8,  4280, CloseLensCover, 2, 
  340, 0x10b9,  4281, OpenLensCoverHalf, 2, 
  341, 0x10ba,  4282, CloseLensCoverHalf, 2, 
  342, 0x10bb,  4283, PressRemotePcPlayButton, 0, 
  343, 0x10bc,  4284, UnpressRemotePcPlayButton, 1, 
  344, 0x10bd,  4285, PressPcPlayButton, 0, 
  345, 0x10be,  4286, UnpressPcPlayButton, 1, 
  346, 0x10bf,  4287, ConnectDTerminal, 2, 
  347, 0x10c0,  4288, DisconnectDTerminal, 2, 
  348, 0x10c1,  4289, ConnectHDMI, 2, 
  349, 0x10c2,  4290, DisconnectHDMI, 2, 
  350, 0x10c3,  4291, (none), 2, 
  351, 0x1100,  4352, (none), 2, 
  352, 0x1101,  4353, (none), 2, 
  353, 0x1102,  4354, (none), 2, 
  354, 0x1103,  4355, (none), 2, 
  355, 0x1104,  4356, (none), 2, 
  356, 0x1105,  4357, (none), 2, 
  357, 0x1120,  4384, (none), 2, 
  358, 0x1121,  4385, (none), 2, 
  359, 0x1122,  4386, (none), 2, 
  360, 0x1123,  4387, (none), 2, 
  361, 0x1124,  4388, (none), 2, 
  362, 0x1125,  4389, (none), 2, 
  363, 0x1126,  4390, (none), 2, 
  364, 0x1127,  4391, (none), 2, 
  365, 0x1128,  4392, (none), 2, 
  366, 0x1129,  4393, (none), 2, 
  367, 0x112a,  4394, (none), 2, 
  368, 0x112b,  4395, (none), 2, 
  369, 0x112c,  4396, (none), 3, 
  370, 0x112d,  4397, (none), 3, 
  371, 0x112e,  4398, (none), 2, 
  372, 0x112f,  4399, (none), 3, 
  373, 0x1130,  4400, (none), 3, 
  374, 0x1131,  4401, (none), 3, 
  375, 0x1132,  4402, (none), 3, 
  376, 0x1133,  4403, (none), 3, 
  377, 0x1134,  4404, (none), 3, 
  378, 0x1135,  4405, (none), 3, 
  379, 0x1136,  4406, (none), 3, 
  380, 0x1137,  4407, (none), 3, 
  381, 0x1138,  4408, (none), 3, 
  382, 0x1139,  4409, (none), 3, 
  383, 0x113a,  4410, (none), 3, 
  384, 0x113b,  4411, (none), 3, 
  385, 0x113c,  4412, (none), 2, 
  386, 0x113d,  4413, (none), 3, 
  387, 0x113e,  4414, (none), 2, 
  388, 0x1160,  4448, (none), 2, 
  389, 0x1161,  4449, (none), 2, 
  390, 0x1162,  4450, (none), 2, 
  391, 0x1163,  4451, (none), 3, 
  392, 0x1164,  4452, (none), 3, 
  393, 0x1165,  4453, (none), 3, 
  394, 0x1166,  4454, (none), 2, 
  395, 0x1167,  4455, (none), 2, 
  396, 0x1168,  4456, (none), 2, 
  397, 0x1169,  4457, (none), 2, 
  398, 0x116a,  4458, (none), 2, 
  399, 0x116b,  4459, (none), 2, 
  400, 0x1180,  4480, (none), 2, 
  401, 0x1181,  4481, (none), 2, 
  402, 0x1182,  4482, (none), 2, 
  403, 0x1183,  4483, (none), 2, 
  404, 0x1184,  4484, (none), 2, 
  405, 0x1185,  4485, (none), 2, 
  406, 0x1186,  4486, (none), 2, 
  407, 0x1187,  4487, (none), 2, 
  408, 0x1188,  4488, (none), 2, 
  409, 0x1189,  4489, (none), 2, 
  410, 0x118a,  4490, (none), 2, 
  411, 0x118b,  4491, (none), 2, 
  412, 0x118c,  4492, (none), 2, 
  413, 0x118d,  4493, (none), 2, 
  414, 0x118e,  4494, (none), 2, 
  415, 0x118f,  4495, (none), 2, 
  416, 0x1190,  4496, (none), 2, 
  417, 0x1191,  4497, (none), 2, 
  418, 0x1192,  4498, (none), 2, 
  419, 0x1193,  4499, (none), 2, 
  420, 0x1194,  4500, (none), 2, 
  421, 0x1195,  4501, (none), 2, 
  422, 0x1196,  4502, (none), 2, 
  423, 0x1197,  4503, (none), 2, 
  424, 0x1198,  4504, (none), 3, 
  425, 0x1199,  4505, (none), 2, 
  426, 0x119a,  4506, (none), 2, 
  427, 0x119b,  4507, (none), 2, 
  428, 0x119c,  4508, (none), 3, 
  429, 0x119d,  4509, (none), 2, 
  430, 0x119e,  4510, (none), 2, 
  431, 0x119f,  4511, (none), 2, 
  432, 0x11a0,  4512, (none), 2, 
  433, 0x11a1,  4513, (none), 2, 
  434, 0x11a2,  4514, (none), 2, 
  435, 0x11a3,  4515, (none), 2, 
  436, 0x11a4,  4516, (none), 2, 
  437, 0x11a5,  4517, (none), 2, 
  438, 0x11a6,  4518, (none), 2, 
  439, 0x11a7,  4519, (none), 2, 
  440, 0x11a8,  4520, (none), 2, 
  441, 0x11a9,  4521, (none), 2, 
  442, 0x11aa,  4522, (none), 2, 
  443, 0x11ab,  4523, (none), 2, 
  444, 0x11ac,  4524, (none), 2, 
  445, 0x11ad,  4525, (none), 2, 
  446, 0x11ae,  4526, (none), 2, 
  447, 0x11af,  4527, (none), 2, 
  448, 0x11b0,  4528, (none), 2, 
  449, 0x11b1,  4529, (none), 2, 
  450, 0x1200,  4608, (none), 2, 
  451, 0x1201,  4609, (none), 2, 
  452, 0x1202,  4610, (none), 2, 
  453, 0x1203,  4611, (none), 2, 
  454, 0x1204,  4612, (none), 2, 
  455, 0x1205,  4613, (none), 2, 
  456, 0x2000,  8192, (none), 2, 
  457, 0x2001,  8193, (none), 3, 
  458, 0x2002,  8194, (none), 3, 
  459, 0x2003,  8195, (none), 3, 
  460, 0x2004,  8196, (none), 3, 
  461, 0x2005,  8197, (none), 3, 
  462, 0x2006,  8198, (none), 3, 
  463, 0x2007,  8199, (none), 3, 
  464, 0x2008,  8200, (none), 3, 
  465, 0x2009,  8201, (none), 3, 
  466, 0x200a,  8202, (none), 3, 
  467, 0x200b,  8203, (none), 3, 
  468, 0x200c,  8204, (none), 3, 
  469, 0x200d,  8205, (none), 3, 
  470, 0x200e,  8206, (none), 3, 
  471, 0x200f,  8207, (none), 3, 
  472, 0x2010,  8208, (none), 3, 
  473, 0x2011,  8209, (none), 3, 
  474, 0x2012,  8210, (none), 3, 
  475, 0x2013,  8211, (none), 3, 
  476, 0x2014,  8212, (none), 3, 
  477, 0x2015,  8213, (none), 3, 
  478, 0x2016,  8214, (none), 3, 
  479, 0x2017,  8215, (none), 3, 
  480, 0x2018,  8216, (none), 3, 
  481, 0x2019,  8217, (none), 3, 
  482, 0x201a,  8218, (none), 3, 
  483, 0x201b,  8219, (none), 3, 
  484, 0x201c,  8220, (none), 3, 
  485, 0x201d,  8221, (none), 3, 
  486, 0x201e,  8222, (none), 3, 
  487, 0x201f,  8223, (none), 3, 
  488, 0x2020,  8224, (none), 3, 
  489, 0x2021,  8225, (none), 3, 
  490, 0x2022,  8226, (none), 3, 
  491, 0x2023,  8227, (none), 3, 
  492, 0x2024,  8228, (none), 3, 
  493, 0x2025,  8229, (none), 3, 
  494, 0x2026,  8230, (none), 3, 
  495, 0x2027,  8231, (none), 3, 
  496, 0x2028,  8232, (none), 3, 
  497, 0x2029,  8233, (none), 3, 
  498, 0x202a,  8234, (none), 3, 
  499, 0x202b,  8235, (none), 3, 
  500, 0x202c,  8236, (none), 3, 
  501, 0x202d,  8237, (none), 3, 
  502, 0x202e,  8238, (none), 3, 
  503, 0x202f,  8239, (none), 3, 
  504, 0x2030,  8240, (none), 3, 
  505, 0x2031,  8241, (none), 3, 
  506, 0x2032,  8242, (none), 3, 
  507, 0x2033,  8243, (none), 3, 
  508, 0x2034,  8244, (none), 2, 
  509, 0x3000, 12288, (none), 2, 
  510, 0x3001, 12289, (none), 2, 
  511, 0x3002, 12290, (none), 2, 
  512, 0x3003, 12291, (none), 2, 
  513, 0x3004, 12292, (none), 2, 
  514, 0x3005, 12293, (none), 2, 
  515, 0x3006, 12294, (none), 2, 
  516, 0x3007, 12295, (none), 2, 
  517, 0x3008, 12296, (none), 2, 
  518, 0x3009, 12297, (none), 2, 
  519, 0x300a, 12298, (none), 2, 
  520, 0x300b, 12299, (none), 3, 
  521, 0x300c, 12300, (none), 2, 
  522, 0x300d, 12301, (none), 2, 
  523, 0x300e, 12302, (none), 2, 
  524, 0x300f, 12303, (none), 2, 
  525, 0x3010, 12304, (none), 3, 
  526, 0x3011, 12305, (none), 2, 
  527, 0x3012, 12306, (none), 2, 
  528, 0x3013, 12307, (none), 2, 
  529, 0x3014, 12308, (none), 2, 
  530, 0x3015, 12309, (none), 2, 
  531, 0x3016, 12310, (none), 2, 
  532, 0x3017, 12311, (none), 2, 
  533, 0x3100, 12544, (none), 2, 
  534, 0x3101, 12545, (none), 2, 
  535, 0x3102, 12546, (none), 2, 
  536, 0x3103, 12547, (none), 2, 
  537, 0x3104, 12548, (none), 2, 
  538, 0x3105, 12549, (none), 2, 
  539, 0x3106, 12550, (none), 2, 
  540, 0x3107, 12551, (none), 2, 
  541, 0x3108, 12552, (none), 2, 
  542, 0x3109, 12553, (none), 2, 
  543, 0x310a, 12554, (none), 2, 
  544, 0x310b, 12555, (none), 2, 
  545, 0x310c, 12556, (none), 2, 
  546, 0x310d, 12557, (none), 2, 
  547, 0x310e, 12558, (none), 2, 
  548, 0x310f, 12559, (none), 2, 
  549, 0x3110, 12560, (none), 2, 
  550, 0x3111, 12561, (none), 2, 
  551, 0x3112, 12562, (none), 2, 
  552, 0x3113, 12563, (none), 2, 
  553, 0x3114, 12564, (none), 2, 
  554, 0x3115, 12565, (none), 2, 
  555, 0x3116, 12566, (none), 2, 
  556, 0x3117, 12567, (none), 2, 
  557, 0x3118, 12568, (none), 2, 
  558, 0x3119, 12569, (none), 2, 
  559, 0x311a, 12570, (none), 2, 
  560, 0x311b, 12571, (none), 2, 
  561, 0x311c, 12572, (none), 2, 
  562, 0x311d, 12573, (none), 2, 
  563, 0x311e, 12574, (none), 3, 
  564, 0x311f, 12575, (none), 3, 
  565, 0x3120, 12576, (none), 3, 
  566, 0x3121, 12577, (none), 2, 
  567, 0x3122, 12578, (none), 2, 
  568, 0x3123, 12579, (none), 2, 
  569, 0x3124, 12580, (none), 2, 
  570, 0x3125, 12581, (none), 2, 
  571, 0x3126, 12582, (none), 2, 
  572, 0x3127, 12583, (none), 2, 
  573, 0x3128, 12584, (none), 2, 
  574, 0x3129, 12585, (none), 2, 
  575, 0x312a, 12586, (none), 2, 
  576, 0x312b, 12587, (none), 2, 
  577, 0x312c, 12588, (none), 2, 
  578, 0x312d, 12589, (none), 2, 
  579, 0x312e, 12590, (none), 2, 
  580, 0x312f, 12591, (none), 2, 
  581, 0x3130, 12592, (none), 2, 
  582, 0x3131, 12593, (none), 2, 
  583, 0x3132, 12594, (none), 2, 
  584, 0x3133, 12595, (none), 2, 
  585, 0x3134, 12596, (none), 2, 
  586, 0x3135, 12597, (none), 3, 
  587, 0x3136, 12598, (none), 2, 
  588, 0x3137, 12599, (none), 2, 
  589, 0x3138, 12600, (none), 2, 
  590, 0x3139, 12601, (none), 2, 
  591, 0x313a, 12602, (none), 2, 
  592, 0x313b, 12603, (none), 2, 
  593, 0x313c, 12604, (none), 2, 
  594, 0x313d, 12605, (none), 2, 
  595, 0x313e, 12606, (none), 3, 
  596, 0x313f, 12607, (none), 2, 
  597, 0x3140, 12608, (none), 2, 
  598, 0x3141, 12609, (none), 2, 
  599, 0x3142, 12610, (none), 2, 
  600, 0x3143, 12611, (none), 2, 
  601, 0x3144, 12612, (none), 2, 
  602, 0x3145, 12613, (none), 2, 
  603, 0x3146, 12614, (none), 2, 
  604, 0x3147, 12615, (none), 2, 
  605, 0x3148, 12616, (none), 2, 
  606, 0x3149, 12617, (none), 2, 
  607, 0x314a, 12618, (none), 2, 
  608, 0x314b, 12619, (none), 2, 
  609, 0x314c, 12620, (none), 2, 
  610, 0x314d, 12621, (none), 2, 
  611, 0x314e, 12622, (none), 2, 
  612, 0x314f, 12623, (none), 2, 
  613, 0x3150, 12624, (none), 2, 
  614, 0x3151, 12625, (none), 2, 
  615, 0x3152, 12626, (none), 2, 
  616, 0x3153, 12627, (none), 2, 
  617, 0x3154, 12628, (none), 3, 
  618, 0x3155, 12629, (none), 3, 
  619, 0x3156, 12630, (none), 3, 
  620, 0x3157, 12631, (none), 3, 
  621, 0x3158, 12632, (none), 3, 
  622, 0x3159, 12633, PressTouchRelease, 2, 
  623, 0x315a, 12634, UnpressTouchRelease, 2, 
  624, 0x315b, 12635, (none), 2, 
  625, 0x315c, 12636, (none), 2, 
  626, 0x315d, 12637, (none), 2, 
  627, 0x315e, 12638, PressSw1AndTouch, 3, 
  628, 0x315f, 12639, (none), 2, 
  629, 0x3200, 12800, (none), 2, 
  630, 0x3201, 12801, (none), 2, 
  631, 0x3202, 12802, (none), 2, 
  632, 0x3203, 12803, (none), 2, 
  633, 0x3204, 12804, (none), 2, 
  634, 0x3205, 12805, (none), 2, 
  635, 0x3206, 12806, (none), 2, 
  636, 0x3207, 12807, (none), 2, 
  637, 0x3208, 12808, (none), 2, 
  638, 0x3209, 12809, (none), 2, 
  639, 0x320a, 12810, (none), 2, 
  640, 0x320b, 12811, (none), 2, 
  641, 0x320c, 12812, (none), 2, 
  642, 0x320d, 12813, (none), 2, 
  643, 0x320e, 12814, (none), 2, 
  644, 0x320f, 12815, (none), 2, 
  645, 0x3210, 12816, (none), 2, 
  646, 0x3211, 12817, (none), 2, 
  647, 0x3212, 12818, (none), 2, 
  648, 0x3213, 12819, (none), 2, 
  649, 0x3214, 12820, (none), 2, 
  650, 0x3215, 12821, (none), 2, 
  651, 0x3216, 12822, (none), 2, 
  652, 0x3217, 12823, (none), 2, 
  653, 0x3218, 12824, (none), 2, 
  654, 0x3219, 12825, (none), 2, 
  655, 0x321a, 12826, (none), 2, 
  656, 0x321b, 12827, (none), 2, 
  657, 0x321c, 12828, (none), 2, 
  658, 0x321d, 12829, (none), 2, 
  659, 0x321e, 12830, (none), 2, 
  660, 0x321f, 12831, (none), 2, 
  661, 0x3220, 12832, (none), 2, 
  662, 0x3221, 12833, (none), 2, 
  663, 0x3222, 12834, (none), 2, 
  664, 0x3223, 12835, (none), 2, 
  665, 0x3224, 12836, (none), 2, 
  666, 0x3225, 12837, (none), 2, 
  667, 0x3226, 12838, (none), 2, 
  668, 0x3227, 12839, (none), 2, 
  669, 0x3228, 12840, (none), 2, 
  670, 0x3229, 12841, (none), 2, 
  671, 0x322a, 12842, (none), 2, 
  672, 0x322b, 12843, (none), 2, 
  673, 0x322c, 12844, (none), 2, 
  674, 0x322d, 12845, (none), 2, 
  675, 0x322e, 12846, (none), 2, 
  676, 0x322f, 12847, (none), 2, 
  677, 0x3230, 12848, (none), 2, 
  678, 0x3231, 12849, (none), 2, 
  679, 0x3232, 12850, (none), 2, 
  680, 0x3233, 12851, (none), 3, 
  681, 0x3234, 12852, (none), 3, 
  682, 0x3235, 12853, (none), 3, 
  683, 0x3236, 12854, (none), 3, 
  684, 0x3237, 12855, (none), 3, 
  685, 0x3238, 12856, (none), 3, 
  686, 0x3239, 12857, (none), 3, 
  687, 0x323a, 12858, (none), 3, 
  688, 0x323b, 12859, (none), 3, 
  689, 0x323c, 12860, (none), 3, 
  690, 0x323d, 12861, (none), 3, 
  691, 0x323e, 12862, (none), 3, 
  692, 0x323f, 12863, (none), 3, 
  693, 0x3240, 12864, (none), 3, 
  694, 0x3241, 12865, (none), 3, 
  695, 0x3242, 12866, (none), 2, 
  696, 0x3243, 12867, (none), 2, 
  697, 0x3300, 13056, (none), 2, 
  698, 0x3301, 13057, (none), 2, 
  699, 0x3302, 13058, (none), 2, 
  700, 0x3303, 13059, (none), 2, 
  701, 0x3304, 13060, (none), 2, 
  702, 0x3305, 13061, (none), 2, 
  703, 0x3306, 13062, (none), 2, 
  704, 0x3307, 13063, (none), 2, 
  705, 0x3308, 13064, (none), 2, 
  706, 0x3309, 13065, (none), 2, 
  707, 0x330a, 13066, (none), 2, 
  708, 0x330b, 13067, (none), 2, 
  709, 0x330c, 13068, (none), 2, 
  710, 0x330d, 13069, (none), 2, 
  711, 0x4000, 16384, (none), 2, 
  712, 0x4001, 16385, (none), 2, 
  713, 0x4002, 16386, (none), 2, 
  714, 0x4003, 16387, (none), 2, 
  715, 0x4004, 16388, (none), 2, 
  716, 0x4005, 16389, (none), 2, 
  717, 0x4006, 16390, (none), 2, 
  718, 0x4007, 16391, (none), 2, 
  719, 0x4008, 16392, (none), 2, 
  720, 0x4009, 16393, (none), 2, 
  721, 0x400a, 16394, (none), 2, 
  722, 0x400b, 16395, (none), 2, 
  723, 0x400c, 16396, (none), 2, 
  724, 0x400d, 16397, (none), 2, 
  725, 0x400e, 16398, (none), 2, 
  726, 0x400f, 16399, (none), 3, 
  727, 0x4010, 16400, (none), 2, 
  728, 0x5000, 20480, (none), 2, 
  729, 0x5001, 20481, (none), 2, 
  730, 0x5002, 20482, (none), 2, 
  731, 0x5003, 20483, (none), 2, 
  732, 0x5004, 20484, (none), 2, 
  733, 0x5005, 20485, (none), 2, 
  734, 0x5006, 20486, (none), 2, 
  735, 0x5007, 20487, (none), 2, 
  736, 0x5008, 20488, (none), 2, 
  737, 0x6000, 24576, (none), 2, 
  738, 0x6001, 24577, (none), 2, 
  739, 0x6002, 24578, (none), 2, 
  740, 0x6003, 24579, (none), 2, 
  741, 0x6004, 24580, (none), 2, 
  742, 0x6005, 24581, (none), 2, 
  743, 0x6006, 24582, (none), 2, 
  744, 0x6007, 24583, (none), 2, 
  745, 0x6008, 24584, (none), 2, 
  746, 0x6009, 24585, (none), 2, 
  747, 0x600a, 24586, (none), 2, 
  748, 0x600b, 24587, (none), 2, 
  749, 0x600c, 24588, (none), 2, 
  750, 0x600d, 24589, (none), 2, 
  751, 0x600e, 24590, (none), 2, 
  752, 0x600f, 24591, (none), 2, 
  753, 0x6010, 24592, (none), 2, 
  754, 0x6011, 24593, (none), 2, 
  755, 0x6012, 24594, (none), 2, 
  756, 0x6013, 24595, (none), 2, 
  757, 0x6014, 24596, (none), 2, 
  758, 0x6015, 24597, (none), 2, 
  759, 0x6016, 24598, (none), 2, 
  760, 0x6017, 24599, (none), 2, 
  761, 0x6018, 24600, (none), 2, 
  762, 0x6019, 24601, (none), 2, 
  763, 0x601a, 24602, (none), 2, 
  764, 0x601b, 24603, (none), 2, 
  765, 0x601c, 24604, (none), 2, 
  766, 0x601d, 24605, (none), 2, 
  767, 0x601e, 24606, (none), 2, 
  768, 0x601f, 24607, (none), 2, 
  769, 0x6020, 24608, (none), 2, 
  770, 0x6021, 24609, (none), 2, 
  771, 0x6022, 24610, (none), 2, 
  772, 0x6023, 24611, (none), 2, 
  773, 0x6024, 24612, (none), 2, 
  774, 0x6025, 24613, (none), 2, 
  775, 0x6026, 24614, (none), 2, 
  776, 0x6027, 24615, (none), 2, 
  777, 0x6028, 24616, (none), 2, 
  778, 0x6029, 24617, (none), 2, 
  779, 0x602a, 24618, (none), 2, 
  780, 0x602b, 24619, (none), 2, 
  781, 0x602c, 24620, (none), 2, 
  782, 0x602d, 24621, (none), 2, 
  783, 0x602e, 24622, (none), 2, 
  784, 0x602f, 24623, (none), 2, 
  785, 0x6030, 24624, (none), 2, 
  786, 0x6031, 24625, (none), 2, 
  787, 0x6032, 24626, (none), 2, 
  788, 0x6033, 24627, (none), 2, 
  789, 0x6034, 24628, (none), 2, 
  790, 0x6035, 24629, (none), 2, 
  791, 0x6036, 24630, (none), 2, 
  792, 0x6037, 24631, (none), 2, 
  793, 0x6038, 24632, (none), 2, 
  794, 0x6039, 24633, (none), 2, 
  795, 0x603a, 24634, (none), 2, 
  796, 0x603b, 24635, (none), 2, 
  797, 0x6270, 25200, (none), 2, 
  798, 0x6271, 25201, PressTouchPanel, 0, 
  799, 0x6272, 25202, UnpressTouchPanel, 1, 
  800, 0x6273, 25203, MoveTouchPanel, 2, 
  801, 0x6274, 25204, StationaryTouchPanel, 2, 
  802, 0x6275, 25205, CancelTouchPanel, 1, 
  803, 0x6276, 25206, (none), 2, 
  804, 0x6277, 25207, FlickUpTouchPanel, 2, 
  805, 0x6278, 25208, FlickDownTouchPanel, 2, 
  806, 0x6279, 25209, FlickRightTouchPanel, 2, 
  807, 0x627a, 25210, FlickLeftTouchPanel, 2, 
  808, 0x627b, 25211, (none), 2, 
  809, 0x627c, 25212, SingleTap, 2, 
  810, 0x627d, 25213, DoubleTap, 2, 
  811, 0x627e, 25214, (none), 2, 
  812, 0x6658, 26200, (none), 2, 
  813, 0x6659, 26201, (none), 3, 
  814, 0x665a, 26202, (none), 3, 
  815, 0x665b, 26203, (none), 3, 
  816, 0x665c, 26204, (none), 3, 
  817, 0x665d, 26205, (none), 3, 
  818, 0x665e, 26206, (none), 3, 
  819, 0x665f, 26207, (none), 3, 
  820, 0x6660, 26208, (none), 3, 
  821, 0x6661, 26209, (none), 3, 
  822, 0x6662, 26210, (none), 2, 
  823, 0x6663, 26211, (none), 2, 
  824, 0x6664, 26212, (none), 2, 
  825, 0x0000,     0, (none), 2, 
  826, 0xffffffff,    -1, (none), 2, 
